ID	NomCommune	NomCanton
DT37-00012	Abilly,	canton de la Haye
DT37-00167	Ambillou,	canton de Château-la-Vallière
DT37-00170	Amboise,	chef-lieu de canton
DT37-00178	Anché,	canton de l’Ile-Bouchard
DT37-00194	Angé, Angé-sur-Cher (Loir-et-Cher),	canton de Montrichard
DT37-00233	Antogny,	canton de Sainte-Maure
DT37-00237	Saint-Antoine-du-Rocher,	canton de Neuillé-Pont-Pierre
DT37-00322	Argy,	canton de Buzançais
DT37-00357	Artannes,	canton de Montbazon
DT37-00370	Assay,	canton de Richelieu
DT37-00377	Athée,	canton de Bléré
DT37-00418	Saint-Aubin,	canton de Neuvy-Roi
DT37-00571	Autrèche,	canton de Châteaurenault
DT37-00585	Auzouer,	canton de Châteaurenault
DT37-00599	Saint-Avertin,	canton de Tours-sud
DT37-00604	Avoine,	canton et de l’arrondissement de Chinon
DT37-00606	Avon,	canton de l’Ile-Bouchard
DT37-00611	Avrillé,	canton de Langeais
DT37-00620	Azay-le-Féron,	canton de Mézières-en-Brenne
DT37-00622	Azay-le-Rideau,	arrondissement de Chinon
DT37-00623	Azay-sur-Cher,	canton de Bléré
DT37-00624	Azay-sur-Indre,	canton et de l’arrondissement de Loches
DT37-00720	Balesmes,	canton de La Haye
DT37-00729	Ballan,	canton de Montbazon
DT37-01041	Barrou,	canton du Grand-Pressigny
DT37-01263	Saint-Bauld,	canton et de l’arrondissement de Loches
DT37-01362	Beaulieu,	canton et de l’arrondissement de Loches
DT37-01397	Beaumont-en-Véron,	canton et de l’arrondissement de Chinon
DT37-01398	Beaumont-la-Ronce,	canton de Neuillé-Pont-Pierre
DT37-01400	Beaumont-Village,	canton de Montrésor
DT37-01792	Benais,	canton de Bourgueil
DT37-01834	Saint-Benoît,	canton d’Azay-le-Rideau
DT37-01996	Berthenay,	canton de Tours-sud
DT37-02098	Betz,	canton du Grand-Pressigny
DT37-02356	Bléré,	arrondissement de Tours
DT37-03219	Bossay,	canton de Preuilly
DT37-03221	Bossée,	canton de Ligueil
DT37-03415	Boulay (le),	canton de Châteaurenault
DT37-03669	Bourgueil,	arrondissement de Chinon
DT37-03701	Bournan,	canton de Ligueil
DT37-03716	Bourré,	canton de Montrichard
DT37-03743	Boussay,	canton de Preuilly
DT37-03836	Saint-Branchs,	canton de Montbazon
DT37-03855	Braslou,	canton de Richelieu
DT37-03905	Braye-sous-Faye,	canton de Richelieu
DT37-03906	Braye-sur-Maulne,	canton de Château-la-Vallière
DT37-03912	Brèche,	canton de Château-la-Vallière
DT37-03935	Bréhémont,	canton d’Azay-le-Rideau
DT37-03940	Breil,	canton de Noyant
DT37-04107	Bridoré (le),	canton et de l’arrondissement de Loches
DT37-04163	Brizay,	canton de l’Ile-Bouchard
DT37-04166	Broc,	canton de Noyant
DT37-04425	Bueil,	canton de Neuvy-Roi
DT37-04643	Buxeuil, ou Buxeuil-sur-Creuse,	canton de Dangé
DT37-04644	Buzançais,	chef-lieu de canton
DT37-04794	Cande,	canton et de l’arrondissement de Chinon
DT37-04806	Cangy,	canton d’Amboise
DT37-05187	Sainte-Catherine-de-Fierbois,	canton de Sainte-Maure
DT37-05416	Céaux,	canton et de l’arrondissement de Loudun
DT37-05422	Celle-Saint-Avent (la),	canton de la Haye
DT37-05445	Céré,	canton de Bléré
DT37-05447	Cerelles,	canton de Neuillé-Pont-Pierre
DT37-05582	Chalonnes-sous-le-Lude,	canton de Noyant
DT37-05609	Chambon,	canton de Preuilly
DT37-05612	Chambourg,	canton et de l’arrondissement de Loches
DT37-05615	Chambray,	canton de Montbazon
DT37-05764	Champigny-sur-Veude,	canton de Richelieu
DT37-05873	Chançay,	canton de Vouvray
DT37-05875	Chanceaux,	canton et de l’arrondissement de Loches
DT37-05878	Chanceaux-sur-Choisille,	canton de Vouvray
DT37-05908	Channay,	canton de Château-la-Vallière
DT37-06037	Chapelle-aux-Naux (la),	canton d’Azay-le-Rideau
DT37-06038	Chapelle-Blanche (la),	canton de Ligueil
DT37-06059	Chapelle-sur-Loire (la),	canton de Bourgueil
DT37-06133	Charentilly,	canton de Neuillé-Pont-Pierre
DT37-06134	Chargé,	canton d’Amboise
DT37-06174	Charnizay,	canton de Preuilly
DT37-06219	Chartre-sur-le-Loir (la),	arrondissement de Saint-Calais
DT37-06324	Château-la-Vallière,	arrondissement de Tours
DT37-06335	Châteaurenault,	arrondissement de Tours
DT37-06422	Châtillon-sur-Indre,	arrondissement de Châteauroux
DT37-06540	Chaumussay,	canton de Preuilly
DT37-06623	Chaveignes,	canton de Richelieu
DT37-06635	Chédigny,	canton et de l’arrondissement de Loches
DT37-06644	Cheillé,	canton d’Azay-le-Rideau
DT37-06656	Chemillé-sur-Dême,	canton de Neuvy-Roi
DT37-06657	Chemillé-sur-Indrois,	canton de Montrésor
DT37-06868	Chenonceau,	canton de Bléré
DT37-06870	Chenu,	canton du Lude
DT37-07032	Chezelles,	canton de l’Ile-Bouchard
DT37-07104	Chinon,	arrondissement d’Indre-et-Loire
DT37-07113	Chissé, ou Chissay,	canton de Montrichard
DT37-07114	Chisseau,	canton de Bléré
DT37-07185	Chouzé-sur-Loire,	canton 288de Bourgueil
DT37-07193	Saint-Christophe,	canton de Neuvy-Roi
DT37-07214	Cigogné,	canton de Bléré
DT37-07240	Cinais,	canton et de l’arrondissement de Chinon
DT37-07251	Ciran, ou Ciran-la-Latte,	canton de Ligueil
DT37-07272	Civray-sur-Cher,	canton de Bléré
DT37-07273	Civray-sur-Esves,	canton de la Haye-Descartes
DT37-07355	Cléré,	canton de Langeais
DT37-07358	Cléré-du-Bois,	canton de Châtillon-sur-Indre
DT37-07863	Continvoir,	canton de Langeais
DT37-07940	Cormery,	canton de Montbazon
DT37-08248	Couesme,	canton de Château-la-Vallière
DT37-08355	Courçay,	canton de Bléré
DT37-08356	Courcelles,	canton de Château-la-Vallière
DT37-08360	Courcoué,	canton de Richelieu
DT37-08378	Courléon,	canton de Longué
DT37-08461	Coussay-les-Bois,	canton de Pleumartin
DT37-08511	Couziers,	canton et de l’arrondissement de Chinon
DT37-08529	Cravant,	canton de l’Ile-Bouchard
DT37-08577	Crissé, ou Crissay,	canton de l’Ile-Bouchard
DT37-08986	Crotelles,	canton de Châteaurenault
DT37-09010	Crouzilles,	canton de l’Ile-Bouchard
DT37-09067	Cussay,	canton de la Haye-Descartes
DT37-09080	Saint-Cyr-du-Gault,	canton d’Herbault
DT37-09081	Saint-Cyr-sur-Loire,	canton de Tours-nord
DT37-09103	Damemarie, ou Dame-Marie-du-Bois,	canton de Châteaurenault
DT37-09218	Saint-Denis-hors,	canton d’Amboise
DT37-09267	Dierre,	canton de Bléré
DT37-09287	Dolus,	canton et de l’arrondissement de Loches
DT37-09391	Draché,	canton de la Haye-Descartes
DT37-09415	Druye,	canton de Montbazon
DT37-09554	Écueillé,	arrondissement de Châteauroux
DT37-09626	Saint-Épain,	canton de Sainte-Maure
DT37-09637	Épeigné-les-Bois,	canton de Bléré
DT37-09638	Épeigné-sur-Dême,	canton de Neuvy-Roi
DT37-09746	Essards, ou Essarts (les),	canton de Langeais
DT37-09773	Esves-le-Moutier,	canton de Ligueil
DT37-09776	Esvres,	canton de Montbazon
DT37-09934	Saint-Étienne-de-Chigny,	canton de Tours-nord
DT37-09935	Saint-Étienne-des-Guérets,	canton d’Herbault
DT37-10050	Faverolles,	canton de Montrichard
DT37-10063	Faye-la-Vineuse,	canton de Richelieu
DT37-10152	Ferrière (la),	canton de Neuvy-Roi
DT37-10157	Ferrières-Larçon,	canton du Grand-Pressigny
DT37-10158	Ferrières-sur-Beaulieu,	canton et de l’arrondissement de Loches
DT37-10304	Saint-Flovier,	canton du Grand-Pressigny
DT37-10402	Fondettes,	canton de Tours-nord
DT37-11286	Francueil,	canton de Bléré
DT37-12107	Genillé,	canton de Montrésor
DT37-12118	Saint-Genouph,	canton de Tours-sud
DT37-12135	Saint-Georges-sur-Cher,	canton de Montrichard
DT37-12164	Saint-Germain-d’Arcé,	canton du Lude
DT37-12166	Saint-Germain-sur-Vienne,	canton et de l’arrondissement de Chinon
DT37-12415	Gizeux,	canton de Langeais
DT37-12609	Saint-Gourgon,	canton de Saint-Amand
DT37-13588	Guerche (la),	canton du Grand-Pressigny
DT37-14160	Haye-Descartes (la),	arrondissement de Loches
DT37-14217	Herbault,	chef-lieu de canton
DT37-14260	Hermites (les), ou Ermites,	canton de Châteaurenault
DT37-14317	Chapelle-Saint-Hippolyte (la),	canton et de l’arrondissement de Loches
DT37-14349	Hommes,	canton de Château-la-Vallière
DT37-14526	Huismes,	canton et de l’arrondissement de Chinon
DT37-14600	Ile-Bouchard (l’),	arrondissement de Chinon
DT37-14668	Ingrandes,	canton de Langeais
DT37-14854	Jaulnay,	canton de Richelieu
DT37-14900	Saint-Jean-Saint-Germain,	canton et de l’arrondissement de Loches
DT37-14920	Jeu-Maloche,	canton d’Écueillé
DT37-15010	Joué-les-Tours,	canton de Tours-sud
DT37-15091	Saint-Julien-de-Chèdon,	canton de Montrichard
DT37-15194	La Croix-de-Bléré,	canton de Bléré
DT37-15237	Saint-Martin-de-Lamps,	département de l’Indre
DT37-15336	Langeais,	arrondissement de Chinon
DT37-15354	Larçay,	canton de Tours-Sud
DT37-15371	La Riche-extra,	canton de Tours-Sud
DT37-15431	Saint-Laurent-de-Lin,	canton de Château-la-Vallière
DT37-15432	Saint-Laurent-en-Gâtines,	canton de Châteaurenault
DT37-15480	Lémeré,	canton de Richelieu
DT37-15490	Lerné,	canton et de l’arrondissement de Chinon
DT37-15544	Liège (le),	canton de Montrésor
DT37-15573	Lignières,	canton d’Azay-le-Rideau
DT37-15581	Ligré,	canton de Richelieu
DT37-15583	Ligueil,	arrondissement de Loches
DT37-15598	Limeray,	canton d’Amboise
DT37-15675	Loché,	canton de Montrésor
DT37-15681	Loches,	
DT37-15827	Louans,	canton de Ligueil
DT37-15838	Loudun,	chef-lieu d’arrondissement
DT37-15844	Louestault,	canton de Neuvy-Roi
DT37-15878	Louroux (le),	canton de Ligueil
DT37-15909	Lublé,	canton de Château-la-Vallière
DT37-15947	Lussault,	canton d’Amboise
DT37-15957	Luynes,	arrondissement de Tours
DT37-15959	Luzé,	canton de Richelieu
DT37-15961	Luzillé,	canton de Bléré
DT37-16045	Maillé-Lailler,	canton de Sainte-Maure
DT37-16435	Manthelan,	canton de Ligueil
DT37-16492	Marçay,	canton de Richelieu
DT37-16495	Marçay-sur-Esves, ou Marcé,	canton de la Haye-Descartes
DT37-16588	Marcilly-sur-Maulne,	canton de Château-la-Vallière
DT37-16589	Marcilly-sur-Vienne,	canton de Sainte-Maure
DT37-16591	Marçon,	canton de la Chartre
DT37-16618	Mareuil,	canton de Montrichard
DT37-16669	Marigny-Marmande,	canton de Richelieu
DT37-16753	Marray,	canton de Neuvy-Roi
DT37-16758	Saint-Mars,	canton de Langeais
DT37-16821	Saint-Martin-le-Beau,	canton d’Amboise
DT37-16994	Sainte-Maure,	arrondissement de Chinon
DT37-17066	Mazières,	canton de Langeais
DT37-17123	Membrolle (la),	canton et de l’arrondissement de Tours-Nord
DT37-17205	Méré-le-Gaulier, ou Aliaux,	canton de Pleumartin
DT37-17236	Mesland,	canton d’Herbaut
DT37-17349	Mettray,	canton de Tours-Nord
DT37-17362	Mézières-en-Brenne,	chef-lieu de canton
DT37-17377	saint-Michel-sur-Loire,	canton de Langeais
DT37-17664	Monnaie,	canton de Vouvray
DT37-17732	Montbazon,	chef-lieu de canton
DT37-17777	Monthodon,	canton de Châteaurenault
DT37-17802	Montlouis,	canton de Tours-Sud
DT37-17828	Montrésor,	arrondissement de Loches
DT37-17829	Montreuil,	canton d’Amboise
DT37-17830	Montrichard,	chef-lieu de canton
DT37-17837	Monts,	canton de Montbazon
DT37-17874	Morand,	canton de Châteaurenault
DT37-18142	Mosnes,	canton d’Amboise
DT37-18530	Mouzay,	canton de Ligueil
DT37-18657	Nazelles,	canton d’Amboise
DT37-18662	Négron,	canton d’Amboise
DT37-18681	Neuil, ou Nueil,	canton de Sainte-Maure
DT37-18683	Neuillé-le-Lierre,	canton 373de Vouvray
DT37-18685	Neuillé-Pont-Pierre,	arrondissement de Tours
DT37-18688	Neuilly-le-Brignon,	canton de la Haye-Descartes
DT37-18697	Neuville,	canton de Châteaurenault
DT37-18705	Neuvy-Roi, ou Neuvy-le-Roi,	arrondissement de Tours
DT37-18712	Saint-Nicolas-de-Bourgueil,	canton de Bourgueil
DT37-18713	Saint-Nicolas-des-Motets,	canton de Châteaurenault
DT37-18782	Noizay,	canton de Vouvray
DT37-18813	Nouans,	canton de Montrésor
DT37-18814	Nouâtre,	canton de Sainte-Maure
DT37-18882	Nouzilly,	canton de Châteaurenault
DT37-18883	Noyant,	canton de Sainte-Maure
DT37-18971	Orbigny,	canton de Montrésor
DT37-19140	Saint-Ouen,	canton d’Amboise
DT37-19235	Palluau,	canton de Châtillon
DT37-19262	Panzoult,	canton de l’Ile-Bouchard
DT37-19338	Parçay-Meslay,	canton de Vouvray
DT37-19339	Parçay-sur-Vienne,	canton de l’Ile-Bouchard
DT37-19365	Parsay,	canton de Noyant
DT37-19434	Saint-Paterne,	canton de Neuvy-Roi
DT37-19471	Saint-Patrice,	canton de Langeais
DT37-19490	Paulmy,	canton du Grand-Pressigny
DT37-19719	Pernay,	canton de Neuillé-Pont-Pierre
DT37-19900	Perrusson,	canton et de l’arrondissement de Loches
DT37-20336	Saint-Pierre-des-Corps,	canton de Tours-Sud
DT37-20946	Pocé,	canton d’Amboise
DT37-21189	Pont-de-Ruan,	canton de Montbazon
DT37-21345	Port-de-Piles,	département de la Vienne
DT37-21429	Ports,	canton de Sainte-Maure
DT37-21526	Pouillé,	canton de Saint-Aignan
DT37-21609	Pouzay,	canton de Sainte-Maure
DT37-21720	Pressigny (le Grand-),	arrondissement de Loches
DT37-21722	Pressigny (le Petit-),	canton du Grand-Pressigny
DT37-21778	Preuilly,	arrondissement de Loches
DT37-22020	Pussigny,	canton de Sainte-Maure
DT37-22143	Saint-Quentin,	canton et de l’arrondissement de Loches
DT37-22253	Sainte-Radégonde,	canton de Tours-Nord
DT37-22452	Razines,	canton de Richelieu
DT37-22511	Saint-Règle,	canton d’Amboise
DT37-22516	Reignac,	canton et de l’arrondissement de Loches
DT37-22674	Restigné,	canton de Bourgueil
DT37-22690	Reugny,	canton de Vouvray
DT37-22797	Richelieu,	arrondissement de Chinon
DT37-22847	Rigny,	canton d’Azay-le-Rideau
DT37-22863	Rillé,	canton de Château-la-Vallière
DT37-22868	Rilly,	canton de l’Ile-Bouchard
DT37-22922	Rivarennes,	canton d’Azay-le-Rideau
DT37-22939	Rivière,	canton de l’Ile-Bouchard
DT37-23030	Saint-Roch,	canton de Neuillé-Pont-Pierre
DT37-23134	Roche-Clermault (la),	canton et de l’arrondissement de Chinon
DT37-23136	Rochecorbon,	canton de Vouvray
DT37-23214	Rochepozay (la), ou Rocheposay,	département de la Vienne
DT37-23353	Saint-Romain,	canton de Leigné-sur-Usseau
DT37-23695	Rouziers,	canton de Neuillé-Pont-Pierre
DT37-23953	Saché,	canton de d’Azay-le-Rideau
DT37-24163	Saunay,	canton de Châteaurenault
DT37-24218	Savigné,	canton de Château-la-Vallière
DT37-24219	Savigny,	canton et de l’arrondissement de Chinon
DT37-24224	Savonnières,	canton de Tours-Sud
DT37-24226	Sazilly,	canton de l’Ile-Bouchard
DT37-24276	Semblançay,	canton de Neuillé-Pont-Pierre
DT37-24296	Sennevières,	canton et de l’arrondissement de Loches
DT37-24298	Saint-Senoch,	canton de Ligueil
DT37-24305	Sepmes,	canton de la Haye
DT37-24347	Seuilly,	canton et de l’arrondissement de Chinon
DT37-24441	Sonzay,	canton de Neuillé-Pont-Pierre
DT37-24446	Sorigny,	canton de Montbazon
DT37-24526	Souvigné,	canton de Château-la-Vallière
DT37-24527	Souvigny,	canton d’Amboise
DT37-24538	Sublaines,	canton de Bléré
DT37-24548	Saint-Symphorien,	canton de Tours-Nord
DT37-24686	Tauxigny,	canton et de l’arrondissement de Loches
DT37-24688	Tavant,	canton de l’Ile-Bouchard
DT37-24868	Thenay,	département de Loir-et-Cher
DT37-24869	Theneuil,	canton de l’Ile-Bouchard
DT37-24918	Thilouze,	canton d’Azay-le-Rideau
DT37-24926	Thizay,	canton et de l’arrondissement de Chinon
DT37-25298	Saint-Martin-de-Tournon,	chef-lieu de canton
DT37-25299	Saint-Pierre-de-Tournon,	canton de Preuilly
DT37-25308	Tours,	chef-lieu
DT37-25311	Tour Saint-Gelin (la),	canton de Richelieu
DT37-25496	Trogues,	canton de l’Ile-Bouchard
DT37-25602	Truyes,	canton de Montbazon
DT37-25992	Vallères,	canton d’Azay-le-Rideau
DT37-26010	Vallières-les-Grandes,	canton de Montrichard
DT37-26091	Varennes,	canton de Ligueil
DT37-26402	Veigné,	canton de Montbazon
DT37-26410	Vellèche,	canton de Leigné-sur-Usseau
DT37-26462	Véretz,	canton de Tours-Sud
DT37-26519	Verneuil-le-Château,	canton de Richelieu
DT37-26520	Verneuil-sur-Indre,	canton de Loches
DT37-26528	Vernou,	canton de Vouvray
DT37-26603	Veuves,	canton de Loir-et-Cher
DT37-26798	Villaines,	canton d’Azay-le-Rideau
DT37-26802	Villandry,	canton de Tours-Sud
DT37-26823	Ville-aux-Dames (la),	canton de Tours-Nord
DT37-26829	Villebourg,	canton de Neuvy-Roi
DT37-26832	Villechauve,	canton de Saint-Amand
DT37-26838	Villedômain,	canton de Montrésor
DT37-26839	Villedômer,	canton de Châteaurenault
DT37-26853	Villeloin-Coulangé,	canton de Montrésor
DT37-26882	Villeperdue,	canton de Montbazon
DT37-26886	Villeporcher,	canton de Saint-Amand
DT37-26933	Villiers-au-Boin,	canton de Château-la-Vallière
DT37-27115	Vou,	canton de Ligueil
DT37-27120	Vouvray,	arrondissement de Tours
DT37-27149	Yzeures,	canton de Preuilly
DT37-27154	Allonnes	arrondissement de Saumur
DT37-27156	Antoigné	arrondissement de Saumur
DT37-27159	Brain-sur-Allonnes,	arrondissement de Saumur
DT37-27160	Breille (la),	arrondissement de Saumur
DT37-27172	Saint-Cyran du Jambot,	commune et canton de Châtillon-sur-Indre
