ID,NomCommune,NomNormalise,NomNormalise2,NomCanton
DT73-00092,Albane,ALBANE,ALBANE,canton de Saint-Jean-de-Maurienne
DT73-00173,Ansigny,ANSIGNY,ANSIGNY,canton d’Albens
DT73-00455,Bardot,BARDOT,BARDOT,village
DT73-00558,Beaune,BEAUNE,BEAUNE,canton de Saint-Michel
DT73-00832,Bissy,BISSY,BISSY,canton de La Motte-Servolex
DT73-01059,Boteillère,BOTEILLERE,BOTEILLERE,villagechef-lieu
DT73-01450,Celliers,CELLIERS,CELLIERS,canton de Moûtiers
DT73-01643,Champlaurent,CHAMPLAURENT,CHAMPLAURENT,canton de Chamoux
DT73-04291,Grand-Cœur,GRAND-CŒUR,GRAND,canton de Moûtiers
DT73-05118,Longefoy,LONGEFOY,LONGEFOY,canton d’Aime
DT73-05867,Montdenis,MONTDENIS,MONTDENIS,canton de Saint-Jean-de-Maurienne
DT73-06236,Naves,NAVES,NAVES,canton de Moûtiers
DT73-06397,Outrechaise,OUTRECHAISE,OUTRECHAISE,canton d’Ugines
DT73-06648,Petit-Cœur,PETIT-CŒUR,PETIT,canton de Moûtiers
DT73-07489,Pussy,PUSSY,PUSSY,canton de Moûtiers
DT73-08298,Saint-Laurent-de-la-Côte,SAINT-LAURENT-DE-LA-COTE,SAINT-LAURENT,canton de Moûtiers
DT73-08364,Saint-Rémi,SAINT-REMI,SAINT-REMI,canton de La Chambre
DT73-08371,Saint-Sigismond,SAINT-SIGISMOND,SAINT-SIGISMOND,canton d’Albertville
DT73-08824,Tessens,TESSENS,TESSENS,canton d’Aime
DT73-08902,Thyl,THYL,THYL,canton de Saint-Michel
DT73-09147,Ugines,UGINES,UGINES,Albertville
DT73-09187,Valloires,VALLOIRES,VALLOIRES,canton de Saint-Michel
DT73-09569,Villargerel,VILLARGEREL,VILLARGEREL,canton de Moûtiers
DT73-09625,Villette,VILLETTE,VILLETTE,canton d’Aime
DT73-09633,Villette,VILLETTE,VILLETTE,quartier
